q-img__image src,text-075,gt-xs,text-0875,q-icon,text-0875 (2),text-125,text-0875 (4),text-125 (2),text-100,text-0875 (6),q-btn href,block (3)
https://assets.comparepower.com/images/frontier_utilities.svg,PUCT # 10169,12 Months,lock Locked Rate,lock,30.4% Green Energy,8.9¢,($89.38 ÷ 1000 kWh),$89.38,Saver Plus 12,Great for medium to large size homes! Enjoy a $125 Usage Credit for each billing cycle when your usage on this plan is above or equal to 1000 kWh. New Customer 60 Day Happiness Guarantee!,tel:866-280-3131,866-280-3131
https://assets.comparepower.com/images/gexa_energy.svg,PUCT # 10027,12 Months,lock Locked Rate,lock,100% Green Energy,8.9¢,($89.38 ÷ 1000 kWh),$89.38,Eco Saver Plus 12,Great for small to medium size homes! Enjoy a $125 Usage Credit for each billing cycle when your usage on this plan is above or equal to 1000 kWh. 100% Green! New Customers 60 Day Happiness Guarantee!,tel:888-688-8460,888-688-8460
https://assets.comparepower.com/images/4change_energy.svg,PUCT # 10041,12 Months,lock Locked Rate,lock,9% Green Energy,8.9¢,($89.45 ÷ 1000 kWh),$89.45,Maxx Saver Value 12,$125 bill credit when usage is at least 1000 kWh. 60 Day Satisfaction Guarantee with no penalty!,tel:888-250-2215,888-250-2215
https://assets.comparepower.com/images/4change_energy.svg,PUCT # 10041,24 Months,lock Locked Rate,lock,9% Green Energy,8.9¢,($89.45 ÷ 1000 kWh),$89.45,Maxx Saver Value 24,$125 bill credit when usage is at least 1000 kWh. 60 Day Satisfaction Guarantee with no penalty!,tel:888-250-2215,888-250-2215
https://assets.comparepower.com/images/discount_power.svg,PUCT # 10177,12 Months,lock Locked Rate,lock,20% Green Energy,9.0¢,($89.99 ÷ 1000 kWh),$89.99,Bill Credit Bundle 12,"Great for small- to medium-sized homes. Earn a $125 bill credit each month that you use more than or equal to 1,000 kWh. 90 Day Satisfaction Guarantee!",tel:866-996-1740,866-996-1740
https://assets.comparepower.com/images/discount_power.svg,PUCT # 10177,24 Months,lock Locked Rate,lock,20% Green Energy,9.0¢,($89.99 ÷ 1000 kWh),$89.99,Bill Credit Bundle 24,"Great for small- to medium-sized homes. Earn a $125 bill credit each month that you use more than or equal to 1,000 kWh. 90 Day Satisfaction Guarantee!",tel:866-996-1740,866-996-1740
https://assets.comparepower.com/images/cirro_energy.svg,PUCT # 10177,12 Months,lock Locked Rate,lock,20% Green Energy,9.0¢,($89.99 ÷ 1000 kWh),$89.99,Simple Bill Credit 12,"Great for small- to medium-sized homes. Earn a $125 bill credit each month that you use more than or equal to 1,000 kWh. 90 Day Satisfaction Guarantee!",tel:866-965-5660,866-965-5660
https://assets.comparepower.com/images/cirro_energy.svg,PUCT # 10177,24 Months,lock Locked Rate,lock,20% Green Energy,9.0¢,($89.99 ÷ 1000 kWh),$89.99,Simple Bill Credit 24,"Great for small- to medium-sized homes. Earn a $125 bill credit each month that you use more than or equal to 1,000 kWh. 90 Day Satisfaction Guarantee!",tel:866-965-5660,866-965-5660
https://assets.comparepower.com/images/apge.svg,PUCT # 10105,12 Months,lock Locked Rate,lock,5.85% Green Energy,9.0¢,($90.00 ÷ 1000 kWh),$90.00,SimpleSaver 12,$100 bill credit when usage is at least 1000 kWh.,tel:877-420-3510,877-420-3510
https://assets.comparepower.com/images/rhythm_energy.svg,PUCT # 10279,12 Months,lock Locked Rate,lock,100% Green Energy,9.1¢,($91.00 ÷ 1000 kWh),$91.00,Rhythm Saver 12,"If your past bills have shown you to use around 1,000 kWh per month of power, this is your plan. On top of a low rate, you'll get $100 in bill credits when you use 1,000 kWh or more of power, just like you've been doing. Price includes a $5 Auto Pay & Paperless Credit.",tel:877-825-9940,877-825-9940
https://assets.comparepower.com/images/apge.svg,PUCT # 10105,24 Months,lock Locked Rate,lock,5.85% Green Energy,9.6¢,($96.00 ÷ 1000 kWh),$96.00,SimpleSaver 24,$100 bill credit when usage is at least 1000 kWh.,tel:877-420-3510,877-420-3510
https://assets.comparepower.com/images/apge.svg,PUCT # 10105,36 Months,lock Locked Rate,lock,5.85% Green Energy,10.2¢,($102.00 ÷ 1000 kWh),$102.00,SimpleSaver 36,$100 bill credit when usage is at least 1000 kWh.,tel:877-420-3510,877-420-3510
https://assets.comparepower.com/images/atlantex_power.svg,PUCT # 10335,12 Months,lock Locked Rate,lock,7% Green Energy,11.3¢,($113.38 ÷ 1000 kWh),$113.38,Radiance1000 12,Radiance 1000: Shine bright and conserve! Get $100 back monthly when you exceed 999 kWhs. It's the ultimate plan for radiant benefits and high-energy fun. Let the glow-up start now! 90-day Satisfaction Guarantee!,tel:866-992-1590,866-992-1590
https://assets.comparepower.com/images/atlantex_power.svg,PUCT # 10335,24 Months,lock Locked Rate,lock,7% Green Energy,11.8¢,($118.38 ÷ 1000 kWh),$118.38,Radiance1000 24,Radiance 1000: Shine bright and conserve! Get $100 back monthly when you exceed 999 kWhs. It's the ultimate plan for radiant benefits and high-energy fun. Let the glow-up start now! 90-day Satisfaction Guarantee!,tel:866-992-1590,866-992-1590
https://assets.comparepower.com/images/gexa_energy.svg,PUCT # 10027,12 Months,lock Locked Rate,lock,100% Green Energy,12.0¢,($119.68 ÷ 1000 kWh),$119.68,Eco Saver Edge Plus,Great for small to medium size homes! Enjoy a $100 Usage Credit for each billing cycle when your usage on this plan is above or equal to 1000 kWh. 100% Green! New Customers 60 Day Happiness Guarantee!,tel:888-688-8460,888-688-8460
https://assets.comparepower.com/images/atlantex_power.svg,PUCT # 10335,36 Months,lock Locked Rate,lock,7% Green Energy,12.1¢,($121.38 ÷ 1000 kWh),$121.38,Radiance1000 36,Radiance 1000: Shine bright and conserve! Get $100 back monthly when you exceed 999 kWhs. It's the ultimate plan for radiant benefits and high-energy fun. Let the glow-up start now! 90-day Satisfaction Guarantee!,tel:866-992-1590,866-992-1590
https://assets.comparepower.com/images/just_energy.svg,PUCT # 10052,24 Months,lock Locked Rate,lock,31.5% Green Energy,12.6¢,($126.48 ÷ 1000 kWh),$126.48,Power Plus - 24,Receive a $100 credit if your usage is equal or greater than 1000 kWh per month! 60-Day Happiness Guarantee,tel:866-985-2820,866-985-2820
https://assets.comparepower.com/images/just_energy.svg,PUCT # 10052,12 Months,lock Locked Rate,lock,26.3% Green Energy,13.0¢,($130.48 ÷ 1000 kWh),$130.48,Power Plus - 12,Receive a $100 credit if your usage is equal or greater than 1000 kWh per month!,tel:866-985-2820,866-985-2820
https://assets.comparepower.com/images/tara_energy.svg,PUCT # 10051,24 Months,lock Locked Rate,lock,31.5% Green Energy,14.2¢,($142.48 ÷ 1000 kWh),$142.48,Value Wise - 24,Receive a $75 credit if your usage is equal or greater than 1000 kWh per month!,tel:877-599-2580,877-599-2580
https://assets.comparepower.com/images/tara_energy.svg,PUCT # 10051,12 Months,lock Locked Rate,lock,31.5% Green Energy,14.3¢,($143.48 ÷ 1000 kWh),$143.48,Value Wise - 12,Receive a $75 credit if your usage is equal or greater than 1000 kWh per month!,tel:877-599-2580,877-599-2580
https://assets.comparepower.com/images/reliant.svg,PUCT # 10007,24 Months,lock Locked Rate,lock,20% Green Energy,14.5¢,($144.61 ÷ 1000 kWh),$144.61,Power Savings 24 plan,"Enjoy a locked-in energy charge and receive a $50 bill credit if your monthly usage equals or exceeds 1,000 kWh. 90 Day Satisfaction Guarantee!",tel:866-983-4620,866-983-4620
https://assets.comparepower.com/images/apge.svg,PUCT # 10105,12 Months,lock Locked Rate,lock,5.85% Green Energy,14.8¢,($148.00 ÷ 1000 kWh),$148.00,True Simple 12,"Low, straight-forward energy rate. No gimmicks or hidden fees",tel:877-420-3510,877-420-3510
https://assets.comparepower.com/images/discount_power.svg,PUCT # 10177,12 Months,lock Locked Rate,lock,24% Green Energy,14.9¢,($148.61 ÷ 1000 kWh),$148.61,Essential Saver 12,Enjoy affordable electricity at a fixed price for 12 months.,tel:866-996-1740,866-996-1740
https://assets.comparepower.com/images/reliant.svg,PUCT # 10007,12 Months,lock Locked Rate,lock,20% Green Energy,14.9¢,($148.61 ÷ 1000 kWh),$148.61,Power Savings 12 plan,"Enjoy a locked-in energy charge and receive a $50 bill credit if your monthly usage equals or exceeds 1,000 kWh. 90 Day Satisfaction Guarantee!",tel:866-983-4620,866-983-4620
https://assets.comparepower.com/images/cirro_energy.svg,PUCT # 10177,12 Months,lock Locked Rate,lock,24% Green Energy,14.9¢,($148.61 ÷ 1000 kWh),$148.61,Simple Advantage 12,"Choose the Simple Adantage 12 plan to lock in your low, fixed energy price. Sign up now to avoid risky, variable rate plans and start saving today!",tel:866-965-5660,866-965-5660
https://assets.comparepower.com/images/cirro_energy.svg,PUCT # 10177,24 Months,lock Locked Rate,lock,24% Green Energy,14.9¢,($148.61 ÷ 1000 kWh),$148.61,Simple Advantage 24,"Choose the Simple Advantage 24 plan to lock in your low, fixed energy price. Sign up now to avoid risky, variable rate plans and start saving today!",tel:866-965-5660,866-965-5660
https://assets.comparepower.com/images/direct_energy.svg,PUCT # 10040,12 Months,lock Locked Rate,lock,20% Green Energy,14.9¢,($148.64 ÷ 1000 kWh),$148.64,Live Brighter Lite 12,"Price stability for 12 months. Great for homes that use under 1,000 kWh of energy! 90 Day Satisfaction Guarantee!",tel:866-285-4447,866-285-4447
https://assets.comparepower.com/images/direct_energy.svg,PUCT # 10040,24 Months,lock Locked Rate,lock,20% Green Energy,14.9¢,($148.64 ÷ 1000 kWh),$148.64,Live Brighter Lite 24,"Price stability for 24 months. Great for homes that use under 1,000 kWh of energy! 90 Day Satisfaction Guarantee!",tel:866-285-4447,866-285-4447
https://assets.comparepower.com/images/atlantex_power.svg,PUCT # 10335,12 Months,lock Locked Rate,lock,35% Green Energy,15.2¢,($152.38 ÷ 1000 kWh),$152.38,Luminous 12,"Experience luminous peace of mind with a fixed energy rate and TDU charges are passed through with NO MARK UP! No hidden fees, minimum usage, or gimmicks. 90-day Satisfaction Guarantee!",tel:866-992-1590,866-992-1590
https://assets.comparepower.com/images/atlantex_power.svg,PUCT # 10335,12 Months,lock Locked Rate,lock,7% Green Energy,15.2¢,($152.47 ÷ 1000 kWh),$152.47,Luminous Weekends 12,"Illuminate your weekends with Luminous Weekends, Free Energy from Friday at 10:00 PM to Monday at 9:00 AM, AND security with a fixed energy rate at all other times. TDU charges are passed through with NO MARK UP! 90-day Satisfaction Guarantee!",tel:866-992-1590,866-992-1590
https://assets.comparepower.com/images/atlantex_power.svg,PUCT # 10335,12 Months,lock Locked Rate,lock,7% Green Energy,15.3¢,($153.04 ÷ 1000 kWh),$153.04,Luminous Nights 12,"Illuminate your nights with Luminous Nights, Free Energy from 9:00 PM to 9:00 AM every day, AND security with a fixed energy rate at all other times. TDU charges are passed through with NO MARK UP! 90-day Satisfaction Guarantee!",tel:866-992-1590,866-992-1590
https://assets.comparepower.com/images/frontier_utilities.svg,PUCT # 10169,12 Months,lock Locked Rate,lock,30.4% Green Energy,15.4¢,($154.48 ÷ 1000 kWh),$154.48,Saver Value Plus 12,Great for apartments or small homes! Enjoy a $75 Usage Credit for each billing cycle when your usage on this plan is above or equal to 750 kWh. New Customer 60 Day Happiness Guarantee!,tel:866-280-3131,866-280-3131
https://assets.comparepower.com/images/gexa_energy.svg,PUCT # 10027,12 Months,lock Locked Rate,lock,100% Green Energy,15.4¢,($154.48 ÷ 1000 kWh),$154.48,Eco Saver Value 12,Great for apartments or small homes! Enjoy a $75 Usage Credit for each billing cycle when your usage on this plan is above or equal to 750 kWh. New Customer 60 Day Satisfaction Guarantee!,tel:888-688-8460,888-688-8460
https://assets.comparepower.com/images/apge.svg,PUCT # 10105,24 Months,lock Locked Rate,lock,5.85% Green Energy,15.5¢,($155.00 ÷ 1000 kWh),$155.00,True Simple 24,"Low, straight-forward energy rate. No gimmicks or hidden feess",tel:877-420-3510,877-420-3510
https://assets.comparepower.com/images/direct_energy.svg,PUCT # 10040,12 Months,lock Locked Rate,lock,35% Green Energy,15.5¢,($155.09 ÷ 1000 kWh),$155.09,Bright Secure 12,Price stability for 12 months. Great for any size home or apartment! 90 Day Satisfaction Guarantee!,tel:866-285-4447,866-285-4447
https://assets.comparepower.com/images/atlantex_power.svg,PUCT # 10335,12 Months,lock Locked Rate,lock,100% Green Energy,15.6¢,($156.38 ÷ 1000 kWh),$156.38,Luminous Green 12,"Experience luminous green energy with 100% Renewable energy from local Texas sources and the security of a fixed energy rate. No hidden fees, minimum usage, or gimmicks. Illuminate a brighter, greener future with us. 90-day Satisfaction Guarantee!",tel:866-992-1590,866-992-1590
https://assets.comparepower.com/images/frontier_utilities.svg,PUCT # 10169,12 Months,lock Locked Rate,lock,30.4% Green Energy,15.6¢,($156.48 ÷ 1000 kWh),$156.48,Light Saver 12,Great for any size homes! New Customers 60 Day Happiness Guarantee!,tel:866-280-3131,866-280-3131
https://assets.comparepower.com/images/gexa_energy.svg,PUCT # 10027,12 Months,lock Locked Rate,lock,100% Green Energy,15.7¢,($157.48 ÷ 1000 kWh),$157.48,Gexa Light Saver 12,Great for any size homes! 100% Green! New Customers 60 Day Happiness Guarantee!,tel:888-688-8460,888-688-8460
https://assets.comparepower.com/images/discount_power.svg,PUCT # 10177,24 Months,lock Locked Rate,lock,20% Green Energy,15.8¢,($157.61 ÷ 1000 kWh),$157.61,Wise Buy Basic 24 Online,"A fixed-rate plan. Sign up now for this straightforward, affordable plan. No hidden fees. 90 Day Satisfaction Guarantee!",tel:866-996-1740,866-996-1740
https://assets.comparepower.com/images/atlantex_power.svg,PUCT # 10335,24 Months,lock Locked Rate,lock,7% Green Energy,15.8¢,($157.87 ÷ 1000 kWh),$157.87,Luminous Weekends 24,"Illuminate your weekends with Luminous Weekends, Free Energy from Friday at 10:00 PM to Monday at 9:00 AM, AND security with a fixed energy rate at all other times. TDU charges are passed through with NO MARK UP! 90-day Satisfaction Guarantee!",tel:866-992-1590,866-992-1590
https://assets.comparepower.com/images/atlantex_power.svg,PUCT # 10335,24 Months,lock Locked Rate,lock,7% Green Energy,15.8¢,($158.38 ÷ 1000 kWh),$158.38,Luminous 24,"Experience luminous peace of mind with a fixed energy rate and TDU charges are passed through with NO MARK UP! No hidden fees, minimum usage, or gimmicks. 90-day Satisfaction Guarantee!",tel:866-992-1590,866-992-1590
https://assets.comparepower.com/images/atlantex_power.svg,PUCT # 10335,24 Months,lock Locked Rate,lock,7% Green Energy,15.9¢,($158.54 ÷ 1000 kWh),$158.54,Luminous Nights 24,"Illuminate your nights with Luminous Nights, Free Energy from 9:00 PM to 9:00 AM every day, AND security with a fixed energy rate at all other times. TDU charges are passed through with NO MARK UP! 90-day Satisfaction Guarantee!",tel:866-992-1590,866-992-1590
https://assets.comparepower.com/images/cirro_energy.svg,PUCT # 10177,24 Months,lock Locked Rate,lock,20% Green Energy,15.9¢,($158.61 ÷ 1000 kWh),$158.61,Smart Value 24,$30 bill credit when you use between 1000 – 2000 kWh. 90 Day Satisfaction Guarantee!,tel:866-965-5660,866-965-5660
https://assets.comparepower.com/images/apge.svg,PUCT # 10105,36 Months,lock Locked Rate,lock,5.85% Green Energy,15.9¢,($159.00 ÷ 1000 kWh),$159.00,True Simple 36,"Low, straight-forward energy rate. No gimmicks or hidden fees",tel:877-420-3510,877-420-3510
https://assets.comparepower.com/images/4change_energy.svg,PUCT # 10041,12 Months,lock Locked Rate,lock,6% Green Energy,15.9¢,($159.35 ÷ 1000 kWh),$159.35,Cash Money 12,Cash in with Cash Money 12! Get a $100 Visa reward card after you pay your 1st bill AND a $45 bill credit every month you use 1000kWh or more! View Plan Details for reward card terms and conditions. 60 Day Satisfaction Guarantee with no penalty!,tel:888-250-2215,888-250-2215
https://assets.comparepower.com/images/rhythm_energy.svg,PUCT # 10279,23 Months,lock Locked Rate,lock,100% Green Energy,16.0¢,($159.61 ÷ 1000 kWh),$159.61,Simply Green 23,"Get a fixed rate at a great price. Plus, no hidden fees ever, 7-day-a-week customer support, and you can earn Rhythm Rewards Points that can be redeemed to reduce your energy bill!",tel:877-825-9940,877-825-9940
https://assets.comparepower.com/images/atlantex_power.svg,PUCT # 10335,36 Months,lock Locked Rate,lock,7% Green Energy,16.0¢,($160.27 ÷ 1000 kWh),$160.27,Luminous Weekends 36,"Illuminate your weekends with Luminous Weekends, Free Energy from Friday at 10:00 PM to Monday at 9:00 AM, AND security with a fixed energy rate at all other times. TDU charges are passed through with NO MARK UP! 90-day Satisfaction Guarantee!",tel:866-992-1590,866-992-1590
https://assets.comparepower.com/images/atlantex_power.svg,PUCT # 10335,36 Months,lock Locked Rate,lock,7% Green Energy,16.0¢,($160.38 ÷ 1000 kWh),$160.38,Luminous 36,"Experience luminous peace of mind with a fixed energy rate and TDU charges are passed through with NO MARK UP! No hidden fees, minimum usage, or gimmicks. 90-day Satisfaction Guarantee!",tel:866-992-1590,866-992-1590
https://assets.comparepower.com/images/atlantex_power.svg,PUCT # 10335,36 Months,lock Locked Rate,lock,7% Green Energy,16.1¢,($161.04 ÷ 1000 kWh),$161.04,Luminous Nights 36,"Illuminate your nights with Luminous Nights, Free Energy from 9:00 PM to 9:00 AM every day, AND security with a fixed energy rate at all other times. TDU charges are passed through with NO MARK UP! 90-day Satisfaction Guarantee!",tel:866-992-1590,866-992-1590
https://assets.comparepower.com/images/atlantex_power.svg,PUCT # 10335,24 Months,lock Locked Rate,lock,100% Green Energy,16.1¢,($161.38 ÷ 1000 kWh),$161.38,Luminous Green 24,"Experience luminous green energy with 100% Renewable energy from local Texas sources and the security of a fixed energy rate. No hidden fees, minimum usage, or gimmicks. Illuminate a brighter, greener future with us. 90-day Satisfaction Guarantee!",tel:866-992-1590,866-992-1590
https://assets.comparepower.com/images/rhythm_energy.svg,PUCT # 10279,13 Months,lock Locked Rate,lock,100% Green Energy,16.2¢,($161.67 ÷ 1000 kWh),$161.67,Simply Green 13,"Get a fixed rate at a great price. Plus, no hidden fees ever, 7-day-a-week customer support, and you can earn Rhythm Rewards Points that can be redeemed to reduce your energy bill!",tel:877-825-9940,877-825-9940
https://assets.comparepower.com/images/reliant.svg,PUCT # 10007,12 Months,lock Locked Rate,lock,24% Green Energy,16.4¢,($164.11 ÷ 1000 kWh),$164.11,Pure Power 12 plan,"The Reliant Pure Power plan offers a low, fixed energy charge that helps you manage your electricity budget. 90 Day Satisfaction Guarantee!",tel:866-983-4620,866-983-4620
https://assets.comparepower.com/images/reliant.svg,PUCT # 10007,24 Months,lock Locked Rate,lock,24% Green Energy,16.4¢,($164.11 ÷ 1000 kWh),$164.11,Pure Power 24 plan,"The Reliant Pure Power plan offers a low, fixed energy charge that helps you manage your electricity budget. 90 Day Satisfaction Guarantee!",tel:866-983-4620,866-983-4620
https://assets.comparepower.com/images/atlantex_power.svg,PUCT # 10335,36 Months,lock Locked Rate,lock,100% Green Energy,16.4¢,($164.38 ÷ 1000 kWh),$164.38,Luminous Green 36,"Experience luminous green energy with 100% Renewable energy from local Texas sources and the security of a fixed energy rate. No hidden fees, minimum usage, or gimmicks. Illuminate a brighter, greener future with us. 90-day Satisfaction Guarantee!",tel:866-992-1590,866-992-1590
https://assets.comparepower.com/images/cirro_energy.svg,PUCT # 10177,12 Months,lock Locked Rate,lock,21% Green Energy,16.5¢,($164.61 ÷ 1000 kWh),$164.61,Smart Value 12,$30 bill credit when you use between 1000 – 2000 kWh. 90 Day Satisfaction Guarantee!,tel:866-965-5660,866-965-5660
https://assets.comparepower.com/images/4change_energy.svg,PUCT # 10041,12 Months,lock Locked Rate,lock,6% Green Energy,16.7¢,($166.59 ÷ 1000 kWh),$166.59,One Rate 12,60 Day Satisfaction Guarantee with no penalty! Confusing electricity plans are a thing of the past with One Rate 12. Only pay for the energy you use with no strings attached,tel:888-250-2215,888-250-2215
https://assets.comparepower.com/images/4change_energy.svg,PUCT # 10041,24 Months,lock Locked Rate,lock,6% Green Energy,16.7¢,($167.49 ÷ 1000 kWh),$167.49,One Rate 24,Confusing electricity plans are a thing of the past with One Rate 24. Only pay for the energy you use with no strings attached. 60 Day Satisfaction Guarantee with no penalty!,tel:888-250-2215,888-250-2215
https://assets.comparepower.com/images/reliant.svg,PUCT # 10007,24 Months,lock Locked Rate,lock,24% Green Energy,16.9¢,($169.11 ÷ 1000 kWh),$169.11,Conservation 24 plan,"Conserve electricity and pay less on your bill. You'll get a low energy charge for the first 1,000 kWh you use. No frills, just a locked-in energy charge. 90 Day Satisfaction Guarantee!",tel:866-983-4620,866-983-4620
https://assets.comparepower.com/images/direct_energy.svg,PUCT # 10040,24 Months,lock Locked Rate,lock,20% Green Energy,17.2¢,($171.56 ÷ 1000 kWh),$171.56,Live Brighter 1K+ 24,"Price stability for 24 months. Great for homes that use over 1,000 kWh of energy!",tel:866-285-4447,866-285-4447
https://assets.comparepower.com/images/reliant.svg,PUCT # 10007,24 Months,lock Locked Rate,lock,20% Green Energy,17.2¢,($171.61 ÷ 1000 kWh),$171.61,Basic Power 24 plan,"The Reliant Basic Power plan offers a low, fixed energy charge that helps you manage your electricity budget. No frills, just a locked-in energy charge. 90 Day Satisfaction Guarantee!",tel:866-983-4620,866-983-4620
https://assets.comparepower.com/images/green_mountain.svg,PUCT # 10009,12 Months,lock Locked Rate,lock,100% Green Energy,17.5¢,($175.11 ÷ 1000 kWh),$175.11,Pollution Free Conserve 12 Preferred,"Best for small spaces. Conserve and save with a lower energy price on your first 1,000 kWh of usage and a fixed price for your usage above 1,000 kWh.",tel:866-983-4770,866-983-4770
https://assets.comparepower.com/images/green_mountain.svg,PUCT # 10009,24 Months,lock Locked Rate,lock,100% Green Energy,17.5¢,($175.11 ÷ 1000 kWh),$175.11,Pollution Free Conserve 24 Preferred,"Best for small spaces. Conserve and save with a lower energy price on your first 1,000 kWh of usage and a fixed price for your usage above 1,000 kWh.",tel:866-983-4770,866-983-4770
https://assets.comparepower.com/images/green_mountain.svg,PUCT # 10009,12 Months,lock Locked Rate,lock,100% Green Energy,17.8¢,($177.61 ÷ 1000 kWh),$177.61,Pollution Free e-Plus 12 Preferred,"Power your home with wind. Help us change the way power is made by choosing Pollution Free electricity made from 100% clean, renewable wind energy. 90 Day Satisfaction Guarantee!",tel:866-983-4770,866-983-4770
https://assets.comparepower.com/images/green_mountain.svg,PUCT # 10009,24 Months,lock Locked Rate,lock,100% Green Energy,17.8¢,($177.61 ÷ 1000 kWh),$177.61,Pollution Free e-Plus 24 Preferred,Power your home with wind. 90 Day Satisfaction Guarantee!,tel:866-983-4770,866-983-4770
https://assets.comparepower.com/images/reliant.svg,PUCT # 10007,12 Months,lock Locked Rate,lock,20% Green Energy,17.8¢,($177.61 ÷ 1000 kWh),$177.61,Basic Power 12 plan,"The Reliant Basic Power plan offers a low, fixed energy charge that helps you manage your electricity budget. 90 Day Satisfaction Guarantee!",tel:866-983-4620,866-983-4620
https://assets.comparepower.com/images/amigo_energy.svg,PUCT # 10081,24 Months,lock Locked Rate,lock,31.5% Green Energy,17.8¢,($178.48 ÷ 1000 kWh),$178.48,Secure Energy - 24,Secure a great fixed energy rate!,tel:866-993-4445,866-993-4445
https://assets.comparepower.com/images/just_energy.svg,PUCT # 10052,24 Months,lock Locked Rate,lock,31.5% Green Energy,17.8¢,($178.48 ÷ 1000 kWh),$178.48,Basics - 24,"Just the basics! Clear fixed-rate electricity, and no base charge. 60-Day Happiness Guarantee",tel:866-985-2820,866-985-2820
https://assets.comparepower.com/images/4change_energy.svg,PUCT # 10041,12 Months,lock Locked Rate,lock,6% Green Energy,17.9¢,($178.54 ÷ 1000 kWh),$178.54,Power Maxx Saver 12,$100 bill credit when usage is at least 2000 kWh. 60 Day Satisfaction Guarantee with no penalty!,tel:888-250-2215,888-250-2215
https://assets.comparepower.com/images/4change_energy.svg,PUCT # 10041,24 Months,lock Locked Rate,lock,6% Green Energy,17.9¢,($178.54 ÷ 1000 kWh),$178.54,Power Maxx Saver 24,$100 bill credit when usage is at least 2000 kWh. 60 Day Satisfaction Guarantee with no penalty!,tel:888-250-2215,888-250-2215
https://assets.comparepower.com/images/reliant.svg,PUCT # 10007,12 Months,lock Locked Rate,lock,24% Green Energy,17.9¢,($179.11 ÷ 1000 kWh),$179.11,Conservation 12 plan,"Conserve electricity and pay less on your bill. You'll get a low energy charge for the first 1,000 kWh you use. And there are no minimum usage fees. 90 Day Satisfaction Guarantee!",tel:866-983-4620,866-983-4620
https://assets.comparepower.com/images/amigo_energy.svg,PUCT # 10081,24 Months,lock Locked Rate,lock,0% Green Energy,17.9¢,($179.33 ÷ 1000 kWh),$179.33,Simply Days Free - 24,FREE electricity from 9:00 am to 4:00 pm. Enjoy a fixed rate the rest of the time,tel:866-993-4445,866-993-4445
https://assets.comparepower.com/images/just_energy.svg,PUCT # 10052,24 Months,lock Locked Rate,lock,31.5% Green Energy,17.9¢,($179.43 ÷ 1000 kWh),$179.43,Simple Choice- 24,"Manage your electricity costs effortlessly! Your energy, made simple and friendly, just for you. 60-Day Happiness Guarantee",tel:866-985-2820,866-985-2820
https://assets.comparepower.com/images/4change_energy.svg,PUCT # 10041,12 Months,lock Locked Rate,lock,9% Green Energy,18.0¢,($179.70 ÷ 1000 kWh),$179.70,Power Savvy Saver 12,Great for all home sizes! 60 Day Satisfaction Guarantee with no penalty!,tel:888-250-2215,888-250-2215
https://assets.comparepower.com/images/tara_energy.svg,PUCT # 10051,24 Months,lock Locked Rate,lock,31.5% Green Energy,18.0¢,($179.80 ÷ 1000 kWh),$179.80,Weekends Free Plan - 24,Power-packed weekends without the bill! FREE electricity on the weekends!,tel:877-599-2580,877-599-2580
https://assets.comparepower.com/images/payless_power.svg,PUCT # 10110,12 Months,lock Locked Rate,lock,26.2% Green Energy,18.0¢,($179.98 ÷ 1000 kWh),$179.98,12 Month - Prepaid - No Deposit & No Credit Check,Fixed price for 12 months with no credit check or deposit required. A first payment of $40.00 is required to connect service.,tel:855-854-8490,855-854-8490
https://assets.comparepower.com/images/payless_power.svg,PUCT # 10110,6 Months,lock Locked Rate,lock,26% Green Energy,18.1¢,($180.98 ÷ 1000 kWh),$180.98,6 Month - Prepaid -No Deposit & No Credit Check,Fixed price for 6 months with no credit check or deposit required. A first payment of $40.00 is required to connect service.,tel:855-854-8490,855-854-8490
https://assets.comparepower.com/images/apge.svg,PUCT # 10105,Month to Month,"lock_open
No Contract",lock_open,5.85% Green Energy,18.5¢,($185.43 ÷ 1000 kWh),$185.43,Ultra Flex 1,"Get the freedom of a month-to-month plan with one simple, low rate.",tel:877-420-3510,877-420-3510
https://assets.comparepower.com/images/rhythm_energy.svg,PUCT # 10279,12 Months,lock Locked Rate,lock,100% Green Energy,18.6¢,($186.12 ÷ 1000 kWh),$186.12,Watt a Deal 12,"If your past bills have shown you to use around 2,000 kWh per month of power, this is your plan. On top of a low rate, you'll get $125 in bill credits when you use 2,000 kWh or more of power, just like you've been doing. Price includes a $5 Auto Pay & Paperless Credit.",tel:877-825-9940,877-825-9940
https://assets.comparepower.com/images/txu_energy.svg,PUCT # 10004,Month to Month,"lock_open
No Contract",lock_open,9% Green Energy,18.6¢,($186.43 ÷ 1000 kWh),$186.43,Flex Forward,"Get the freedom of a month-to-month plan with one simple, low rate.",tel:866-370-2440,866-370-2440
https://assets.comparepower.com/images/reliant.svg,PUCT # 10007,12 Months,lock Locked Rate,lock,100% Green Energy,18.8¢,($187.61 ÷ 1000 kWh),$187.61,Truly Free Nights 100% Solar 12 plan,Free Power from 8 PM to 6 AM Every Night + Auto Upgrade to the Make It Solar Program. 90 Day Satisfaction Guarantee!,tel:866-983-4620,866-983-4620
https://assets.comparepower.com/images/frontier_utilities.svg,PUCT # 10169,12 Months,lock Locked Rate,lock,30.4% Green Energy,18.8¢,($188.48 ÷ 1000 kWh),$188.48,Saver Deluxe 12,Great for medium to large size homes! Enjoy a $100 Usage Credit for each billing cycle when your usage on this plan is above or equal to 1500 kWh. New Customer 60 Day Happiness Guarantee!,tel:866-280-3131,866-280-3131
https://assets.comparepower.com/images/amigo_energy.svg,PUCT # 10081,12 Months,lock Locked Rate,lock,31.5% Green Energy,18.9¢,($189.00 ÷ 1000 kWh),$189.00,12th Month Free - 12,"No monthly or low usage fee, just one simple rate and get your 12th month invoice free!",tel:866-993-4445,866-993-4445
https://assets.comparepower.com/images/just_energy.svg,PUCT # 10052,24 Months,lock Locked Rate,lock,15% Green Energy,18.9¢,($189.48 ÷ 1000 kWh),$189.48,Mega Saver - 24,Mega Saver Credit: $150 if your usage is equal or greater than 2000 kWh per month,tel:866-985-2820,866-985-2820
https://assets.comparepower.com/images/just_energy.svg,PUCT # 10052,12 Months,lock Locked Rate,lock,31.5% Green Energy,18.9¢,($189.48 ÷ 1000 kWh),$189.48,Basics - 12,"Just the basics! Clear fixed-rate electricity, and no base charge. 60-Day Happiness Guarantee",tel:866-985-2820,866-985-2820
https://assets.comparepower.com/images/gexa_energy.svg,PUCT # 10027,12 Months,lock Locked Rate,lock,100% Green Energy,18.9¢,($189.48 ÷ 1000 kWh),$189.48,Eco Saver Advantage 12,Great for medium large homes! Enjoy a $100 Usage Credit for each billing cycle when your usage on this plan is above or equal to 1500 kWh. 100% Green! New Customers 60 Day Happiness Guarantee!,tel:888-688-8460,888-688-8460
https://assets.comparepower.com/images/amigo_energy.svg,PUCT # 10081,12 Months,lock Locked Rate,lock,0% Green Energy,19.0¢,($190.05 ÷ 1000 kWh),$190.05,Simply Days Free - 12,FREE electricity from 9:00 am to 4:00 pm. Enjoy a fixed rate the rest of the time,tel:866-993-4445,866-993-4445
https://assets.comparepower.com/images/just_energy.svg,PUCT # 10052,12 Months,lock Locked Rate,lock,26.3% Green Energy,19.0¢,($190.43 ÷ 1000 kWh),$190.43,Simple Choice- 12,"Manage your electricity costs effortlessly! Your energy, made simple and friendly, just for you. 60-Day Happiness Guarantee",tel:866-985-2820,866-985-2820
https://assets.comparepower.com/images/reliant.svg,PUCT # 10007,12 Months,lock Locked Rate,lock,100% Green Energy,19.2¢,($191.61 ÷ 1000 kWh),$191.61,Truly Free Weekends 100% Solar 12 plan,Free Power 8 PM Friday to 12 AM Monday + Auto Upgrade to the Make It Solar Program. 90 Day Satisfaction Guarantee!,tel:866-983-4620,866-983-4620
https://assets.comparepower.com/images/txu_energy.svg,PUCT # 10004,12 Months,lock Locked Rate,lock,9% Green Energy,19.6¢,($196.07 ÷ 1000 kWh),$196.07,Ultimate Season Pass 12,"50% off summer and winter – that’s July, August, January, and February and 25% off June and September for summer and December and March for winter",tel:866-370-2440,866-370-2440
https://assets.comparepower.com/images/amigo_energy.svg,PUCT # 10081,12 Months,lock Locked Rate,lock,26.3% Green Energy,19.6¢,($196.11 ÷ 1000 kWh),$196.11,Nights Free Plan- 12,10 Hours of Free Electricity!,tel:866-993-4445,866-993-4445
https://assets.comparepower.com/images/txu_energy.svg,PUCT # 10004,12 Months,lock Locked Rate,lock,9% Green Energy,19.6¢,($196.28 ÷ 1000 kWh),$196.28,Live Your Free 12,"Get free energy whenever YOU use the most, automatically.",tel:866-370-2440,866-370-2440
https://assets.comparepower.com/images/frontier_utilities.svg,PUCT # 10169,12 Months,lock Locked Rate,lock,30.4% Green Energy,19.7¢,($197.08 ÷ 1000 kWh),$197.08,Saver Value 12,Great for apartments or small homes! Enjoy a $50 Usage Credit for each billing cycle when your usage on this plan is above or equal to 500 kWh. New Customer 60 Day Happiness Guarantee!,tel:866-280-3131,866-280-3131
https://assets.comparepower.com/images/gexa_energy.svg,PUCT # 10027,12 Months,lock Locked Rate,lock,100% Green Energy,19.7¢,($197.08 ÷ 1000 kWh),$197.08,Eco Saver Lite 12,Great for apartments! Enjoy a $50 Usage Credit for each billing cycle when your usage on this plan is above or equal to 500 kWh. 100% Green! New Customers 60 Day Happiness Guarantee!,tel:888-688-8460,888-688-8460
https://assets.comparepower.com/images/txu_energy.svg,PUCT # 10004,12 Months,lock Locked Rate,lock,100% Green Energy,19.9¢,($199.16 ÷ 1000 kWh),$199.16,Free Nights & Solar Days 12 (8 pm),Free energy charges every night from 8 p.m. to 5 a.m. Any applicable TDU charges will be passed through without mark-up.,tel:866-370-2440,866-370-2440
https://assets.comparepower.com/images/frontier_utilities.svg,PUCT # 10169,12 Months,lock Locked Rate,lock,30.4% Green Energy,20.0¢,($200.28 ÷ 1000 kWh),$200.28,Saver Premier 12,Perfect for high usage homes! Enjoy a $150 Usage Credit for each billing cycle when your usage on this plan is above or equal to 2000 kWh. New Customer 60 Day Happiness Guarantee!,tel:866-280-3131,866-280-3131
https://assets.comparepower.com/images/gexa_energy.svg,PUCT # 10027,12 Months,lock Locked Rate,lock,100% Green Energy,20.0¢,($200.28 ÷ 1000 kWh),$200.28,Eco Saver Premier 12,Great for homes with high usage! Enjoy a $150 Usage Credit for each billing cycle when your usage on this plan is above or equal to 2000 kWh. 100% Green! New Customers 60 Day Happiness Guarantee!,tel:888-688-8460,888-688-8460
https://assets.comparepower.com/images/discount_power.svg,PUCT # 10177,24 Months,lock Locked Rate,lock,24% Green Energy,20.5¢,($204.61 ÷ 1000 kWh),$204.61,Bill Credit Bundle 2000 kWh 24,"Earn a $150 bill credit each month that you use more than or equal to 2,000 kWh. 90 Day Satisfaction Guarantee!",tel:866-996-1740,866-996-1740
https://assets.comparepower.com/images/cirro_energy.svg,PUCT # 10177,24 Months,lock Locked Rate,lock,24% Green Energy,20.5¢,($204.61 ÷ 1000 kWh),$204.61,Simple Bill Credit Bundle 2000 kWh 24,"Earn a $150 bill credit each month that you use more than or equal to 2,000 kWh. 90 Day Satisfaction Guarantee!",tel:866-965-5660,866-965-5660
https://assets.comparepower.com/images/discount_power.svg,PUCT # 10177,12 Months,lock Locked Rate,lock,24% Green Energy,20.7¢,($206.61 ÷ 1000 kWh),$206.61,Bill Credit Bundle 2000 kWh 12,"Earn a $150 bill credit each month that you use more than or equal to 2,000 kWh. 90 Day Satisfaction Guarantee!",tel:866-996-1740,866-996-1740
https://assets.comparepower.com/images/reliant.svg,PUCT # 10007,24 Months,lock Locked Rate,lock,24% Green Energy,20.7¢,($206.61 ÷ 1000 kWh),$206.61,"Power Savings 2,000 kWh 24 plan",Perfect for high usage homes! Enjoy a $150 Usage Credit for each billing cycle when your usage on this plan is above or equal to 2000 kWh. 90 Day Satisfaction Guarantee!,tel:866-983-4620,866-983-4620
https://assets.comparepower.com/images/cirro_energy.svg,PUCT # 10177,12 Months,lock Locked Rate,lock,24% Green Energy,20.7¢,($206.61 ÷ 1000 kWh),$206.61,Simple Bill Credit Bundle 2000 kWh 12,"Earn a $150 bill credit each month that you use more than or equal to 2,000 kWh. 90 Day Satisfaction Guarantee!",tel:866-965-5660,866-965-5660
https://assets.comparepower.com/images/atlantex_power.svg,PUCT # 10335,12 Months,lock Locked Rate,lock,7% Green Energy,21.5¢,($215.38 ÷ 1000 kWh),$215.38,Radiance2000 12,"Radiance 2000: Receive a $200 refund when your usage exceeds 1,999 kWhs each month - this is the right plan for customers who consistently use over 2,000 kWhs. 90-day Satisfaction Guarantee!",tel:866-992-1590,866-992-1590
https://assets.comparepower.com/images/green_mountain.svg,PUCT # 10009,24 Months,lock Locked Rate,lock,100% Green Energy,21.7¢,($216.61 ÷ 1000 kWh),$216.61,Pollution Free Green Savings Plus 24 Preferred,"Earn a $150 bill credit each month that you use more than or equal to 2,000 kWh. 100% wind energy",tel:866-983-4770,866-983-4770
https://assets.comparepower.com/images/atlantex_power.svg,PUCT # 10335,24 Months,lock Locked Rate,lock,7% Green Energy,22.0¢,($220.38 ÷ 1000 kWh),$220.38,Radiance2000 24,"Radiance 2000: Receive a $200 refund when your usage exceeds 1,999 kWhs each month - this is the right plan for customers who consistently use over 2,000 kWhs. 90-day Satisfaction Guarantee!",tel:866-992-1590,866-992-1590
https://assets.comparepower.com/images/green_mountain.svg,PUCT # 10009,12 Months,lock Locked Rate,lock,100% Green Energy,22.3¢,($222.61 ÷ 1000 kWh),$222.61,Pollution Free Green Savings Plus 12 Preferred,"Earn a $150 bill credit each month that you use more than or equal to 2,000 kWh. 100% wind energy",tel:866-983-4770,866-983-4770
https://assets.comparepower.com/images/reliant.svg,PUCT # 10007,12 Months,lock Locked Rate,lock,24% Green Energy,22.3¢,($222.61 ÷ 1000 kWh),$222.61,"Power Savings 2,000 kWh 12 plan",Perfect for high usage homes! Enjoy a $150 Usage Credit for each billing cycle when your usage on this plan is above or equal to 2000 kWh. 90 Day Satisfaction Guarantee!,tel:866-983-4620,866-983-4620
https://assets.comparepower.com/images/atlantex_power.svg,PUCT # 10335,36 Months,lock Locked Rate,lock,7% Green Energy,22.3¢,($223.38 ÷ 1000 kWh),$223.38,Radiance2000 36,"Radiance 2000: Receive a $200 refund when your usage exceeds 1,999 kWhs each month - this is the right plan for customers who consistently use over 2,000 kWhs. 90-day Satisfaction Guarantee!",tel:866-992-1590,866-992-1590
https://assets.comparepower.com/images/direct_energy.svg,PUCT # 10040,12 Months,lock Locked Rate,lock,20% Green Energy,22.6¢,($225.64 ÷ 1000 kWh),$225.64,Twelve Hour Power 12,Nights just got better. Enjoy free electricity every night from 9 p.m. to 8:59 a.m. 90 Day Satisfaction Guarantee!,tel:866-285-4447,866-285-4447
