Task,Owner,Due Date,Dependencies,Priority,Status,Notes
"PHASE 2 SCALING - IMMEDIATE PRIORITY","","","","CRITICAL","active","Scale faceted pages to thousands of Texas cities"
"ComparePower API client implementation","api-integrator","2025-08-27","API access SECURED","HIGH","in_progress","API partnership secured - immediate implementation"
"Comprehensive Texas city/TDSP mapping expansion","data-architect","2025-09-10","Phase 1 complete","CRITICAL","pending","Scale from 88 to 200+ cities covering all deregulated areas"
"Validate all TDSP mappings at scale","data-architect","2025-09-12","City mapping","HIGH","pending","Automated validation system for 200+ cities"
"Tier-based city prioritization system","data-architect","2025-09-13","TDSP validation","HIGH","pending","Major metros → Secondary → Small towns priority matrix"
"Scalable dynamic page generation system","backend-engineer","2025-09-14","City data ready","CRITICAL","pending","Handle thousands of city/filter combinations"
"Static page generation for top 500 combinations","backend-engineer","2025-09-15","Dynamic system","HIGH","pending","Pre-build highest-value pages for performance"
"Incremental Static Regeneration (ISR) setup","backend-engineer","2025-09-16","Static generation","HIGH","pending","Dynamic updates without full rebuilds"
"Mass SEO template system","seo-strategist","2025-09-12","City data ready","CRITICAL","pending","Unique meta tags for 10,000+ page combinations"
"Canonical URL strategy for complex hierarchies","seo-strategist","2025-09-14","Template system","HIGH","pending","Prevent duplicate content across thousands of pages"
"Schema markup generation at scale","seo-strategist","2025-09-15","Canonical logic","HIGH","pending","Automated structured data for all page types"
"Content variation system","seo-strategist","2025-09-16","Schema system","HIGH","pending","Prevent duplicate content penalties"
"Faceted URL routing system design","backend-engineer","2025-09-03","None","HIGH","pending","Core architecture for [...path].astro"
"Environment configuration setup","backend-engineer","2025-08-30","API client","MEDIUM","pending","Redis, API keys, monitoring"
"Meta tag generation system","seo-strategist","2025-09-06","URL routing","HIGH","pending","Dynamic titles/descriptions for all combinations"
"Canonical URL logic implementation","seo-strategist","2025-09-06","Meta generation","HIGH","pending","Self-referencing vs parent canonicalization"
"Schema markup generators","seo-strategist","2025-09-06","Meta generation","MEDIUM","pending","BreadcrumbList, ItemList, Product schemas"
"Redis caching layer setup","backend-engineer","2025-09-06","Environment config","MEDIUM","pending","API response + page-level caching"
"Basic plan card components","frontend-ui-developer","2025-09-10","API integration","MEDIUM","pending","Server-rendered PlanCard.astro"
"Interactive FacetedSidebar component","frontend-ui-developer","2025-09-17","Plan cards","MEDIUM","pending","React component with live filtering"
"Plan grid responsive layouts","frontend-ui-developer","2025-09-17","Plan cards","MEDIUM","pending","Mobile-optimized comparison views"
"Internal linking hub-spoke system","seo-strategist","2025-09-17","URL routing","MEDIUM","pending","Related filter suggestions"
"Multi-filter URL combinations","backend-engineer","2025-09-17","Single filter working","HIGH","pending","Support /city/filter1/filter2/ patterns"
"Analytics event tracking","backend-engineer","2025-09-17","Core features","MEDIUM","pending","GA4 + custom events for filters"
"Performance monitoring setup","backend-engineer","2025-09-20","Caching layer","MEDIUM","pending","Core Web Vitals + API response times"
"Database indexing optimization","backend-engineer","2025-09-24","Multi-filter support","MEDIUM","pending","Fast faceted query performance"
"High-priority static page generation","backend-engineer","2025-10-01","SEO complete","HIGH","pending","Pre-build top 100 highest-value pages"
"Incremental Static Regeneration (ISR)","backend-engineer","2025-10-01","Static generation","MEDIUM","pending","Dynamic updates for static pages"
"Location-specific content creation","seo-strategist","2025-10-01","Static generation","MEDIUM","pending","Unique content for major Texas cities"
"Long-tail keyword optimization","seo-strategist","2025-10-08","Location content","HIGH","pending","500+ keyword targets implementation"
"Robots.txt optimization","seo-strategist","2025-10-08","Keyword optimization","MEDIUM","pending","Crawl budget management"
"XML sitemap generation","seo-strategist","2025-10-08","Robots.txt","MEDIUM","pending","Priority/changefreq for 1000+ pages"
"Edge caching implementation","backend-engineer","2025-10-15","Performance monitoring","HIGH","pending","Cloudflare with custom rules"
"Client-side performance optimization","frontend-ui-developer","2025-10-15","Edge caching","MEDIUM","pending","Code splitting, lazy loading"
"Application Performance Monitoring","backend-engineer","2025-10-22","Edge caching","MEDIUM","pending","Datadog + Sentry integration"
"Enhanced Analytics implementation","seo-strategist","2025-10-22","APM setup","MEDIUM","pending","GA4 + Search Console monitoring"
"A/B testing framework","seo-strategist","2025-10-22","Analytics","LOW","pending","Meta tag and content optimization"
"Comprehensive testing suite","test-author","2025-10-29","A/B framework","HIGH","pending","E2E, load, mobile, accessibility tests"
"Security review and penetration testing","code-reviewer","2025-10-29","Testing suite","HIGH","pending","Full security audit before launch"
"Blue-green deployment setup","backend-engineer","2025-11-01","Security review","HIGH","pending","Zero-downtime production deployment"
"Production monitoring configuration","backend-engineer","2025-11-01","Deployment setup","HIGH","pending","Real-time alerts and dashboards"
"Launch coordination and DNS cutover","Program Director","2025-11-05","All systems","CRITICAL","pending","Final production launch execution"
"Post-launch optimization monitoring","All Team","2025-11-05","Launch complete","MEDIUM","pending","Performance tuning based on live traffic"
"User feedback collection setup","frontend-ui-developer","2025-11-05","Launch complete","LOW","pending","Reviews and satisfaction tracking"
"Revenue tracking validation","backend-engineer","2025-11-05","Launch complete","HIGH","pending","Conversion and enrollment tracking accuracy"